Date,advances,declines,ad,ad_ma_50,ad_z_50,ad_ma_200,ad_z_200,ad_pct,pct_above_20dma,pct_above_50dma,pct_above_200dma,new_highs,new_lows,nh_pct,nl_pct,nhnl_net,nhnl_z,participation_label,dma_label,nhnl_label
2024-12-10,1350,1356,-6,-73.22,0.05947795189153388,-52.82,0.04881356567497044,0.5127870563674322,80.05790807093739,58.4509591024249,53.23923271806008,137,7,4.958378574013754,0.2533478103510677,4.705030763662686,-0.1281022309449132,neutral_participation,range_bound,balanced
2024-12-11,1469,1237,232,-68.04,0.26529295836034067,-50.835,0.2948233870802168,0.8155010438413361,80.52841114730366,60.948244661599716,53.60115816141875,122,8,4.415490408975751,0.2895403546869345,4.125950054288817,-0.26086435427377164,neutral_participation,range_bound,balanced
2024-12-12,785,1922,-1137,-76.48,-0.9323591554769707,-51.525,-1.1306185718423587,0.02035490605427975,75.69620253164557,56.6365280289331,52.22423146473779,92,8,3.3273056057866186,0.28933092224231466,3.037974683544304,-0.5173644655325778,neutral_participation,range_bound,balanced
2024-12-13,1177,1530,-353,-92.58,-0.22933962174122827,-54.61,-0.3108086308753146,0.16512265135699375,72.38751814223512,56.204644412191584,51.523947750362844,105,8,3.8098693759071116,0.29027576197387517,3.519593613933236,-0.39720754259273233,neutral_participation,range_bound,balanced
2024-12-16,1451,1255,196,-53.62,0.22476783504761533,-54.18,0.26056685174802685,0.7919493736951984,70.97351467430208,56.72870436649964,51.610594130279175,116,13,4.151753758052971,0.4652827487473156,3.6864710093056554,-0.3502086153725209,neutral_participation,range_bound,balanced
2024-12-17,828,1875,-1047,-54.04,-0.8937957674740759,-56.475,-1.0296874117847095,0.026096033402922755,63.567293777134594,53.18379160636758,50.50651230101303,90,15,3.256150506512301,0.5426917510853835,2.7134587554269176,-0.5842173144625896,neutral_participation,range_bound,balanced
2024-12-18,752,1960,-1208,-33.32,-1.0892245698187302,-59.595,-1.190434100551881,0.01657098121085595,49.782923299565844,48.40810419681621,48.552821997105646,69,31,2.496382054992764,1.1215629522431259,1.3748191027496384,-0.9037495848556729,weak_participation,range_bound,balanced
2024-12-19,946,1762,-816,-83.52,-0.6945807596346895,-54.785,-0.7942051949103162,0.04684237995824635,43.388728323699425,45.447976878612714,47.21820809248555,66,35,2.384393063583815,1.2644508670520231,1.1199421965317917,-0.962073731483521,neutral_participation,range_bound,balanced
2024-12-20,403,2308,-1905,-141.44,-1.64250891160684,-64.615,-1.9025828204766055,0.0030010438413361168,29.464931308749097,36.51482284887925,41.54013015184382,33,70,1.193058568329718,2.5307302964569773,-1.3376717281272594,-1.5604505056827906,weak_participation,range_bound,distribution
2024-12-23,1091,1611,-520,-155.66,-0.3392635317672304,-71.195,-0.4646495318674226,0.106928496868476,25.929899856938484,34.54935622317596,40.66523605150215,34,69,1.2160228898426324,2.467811158798283,-1.2517882689556508,-1.526719731403463,neutral_participation,range_bound,distribution
2024-12-24,1331,1367,-36,-158.28,0.1139130720202941,-76.665,0.04224649281721871,0.4517223382045929,25.786618444846294,34.86437613019891,41.77215189873418,28,47,1.0126582278481013,1.6998191681735986,-0.6871609403254972,-1.3751949778957546,neutral_participation,range_bound,distribution
2024-12-26,1103,1599,-496,-168.98,-0.30445679198687453,-75.095,-0.43770472094435964,0.11580114822546973,23.63963963963964,33.54954954954955,41.153153153153156,29,58,1.045045045045045,2.09009009009009,-1.045045045045045,-1.4580214472697568,neutral_participation,range_bound,distribution
2024-12-27,1336,1368,-32,-167.08,0.12574125873948822,-70.425,0.0400453990016935,0.4592249478079332,23.223945185719437,34.72773169852146,41.68770284890011,28,39,1.009736747205193,1.4064190407500903,-0.39668229354489726,-1.2906076812476517,neutral_participation,range_bound,distribution
2024-12-30,797,1917,-1120,-187.94,-0.8609626351332454,-68.815,-1.0978536728598458,0.021529227557411275,21.06012095339737,31.76805407328353,38.95410885805763,46,80,1.6364283173247955,2.8459622909996445,-1.209533973674849,-1.4774354170673087,neutral_participation,range_bound,distribution
2024-12-31,1672,1032,640,-145.14,0.7324766112175908,-68.65,0.740018750209151,0.9513308977035491,23.274304300686662,35.41741958800145,39.934947596675094,41,37,1.4817491868449586,1.3371882905674015,0.14456089627755708,-1.1363804196781928,neutral_participation,range_bound,distribution
2025-01-01,2009,687,1322,-116.52,1.3175653606837603,-53.78,1.439115767940577,0.9940631524008351,29.583033788641266,40.61826024442847,41.768511861969806,65,8,2.336448598130841,0.28756290438533433,2.0488856937455067,-0.6637805548403614,strong_participation,range_bound,balanced
2025-01-02,1787,940,847,-68.18,0.8477238896425051,-40.34,0.9344245774584565,0.9757959290187892,36.38968481375358,46.1676217765043,44.627507163323784,69,10,2.4713467048710602,0.35816618911174786,2.1131805157593124,-0.6418692279519651,neutral_participation,range_bound,balanced
2025-01-03,1367,1360,7,-21.84,0.02800084494890056,-28.895,0.03834293686625664,0.5394702505219207,38.91078466499462,46.11250447868148,45.14510927982801,72,9,2.5797205302758868,0.32246506628448585,2.257255463991401,-0.6003959371247978,neutral_participation,range_bound,balanced
2025-01-06,257,2489,-2232,-73.52,-2.008476408014479,-47.51,-2.3170872798753126,0.001174321503131524,19.440509915014164,29.957507082152972,36.54390934844193,29,106,1.0269121813031163,3.7535410764872523,-2.726628895184136,-1.8183127035133158,weak_participation,broad_downtrend,distribution
2025-01-07,2027,701,1326,-29.54,1.2479269951901277,-39.025,1.4407008025585042,0.9943893528183716,27.41007194244604,36.00719424460432,39.35251798561151,57,45,2.050359712230216,1.618705035971223,0.431654676258993,-1.0291267333806486,strong_participation,range_bound,distribution
2025-01-08,799,1916,-1117,-12.74,-1.0397528867404389,-44.685,-1.1281294119795866,0.0217901878914405,25.287769784172664,32.05035971223021,37.410071942446045,36,65,1.2949640287769784,2.338129496402878,-1.0431654676258995,-1.3823152960414353,weak_participation,range_bound,distribution
2025-01-09,640,2068,-1428,-61.68,-1.277080041645151,-45.63,-1.4523573055341055,0.010568893528183717,21.7921146953405,28.279569892473116,35.12544802867383,25,117,0.8960573476702508,4.193548387096775,-3.297491039426524,-1.927924532829618,weak_participation,broad_downtrend,distribution
2025-01-10,390,2344,-1954,-111.94,-1.6764863828968388,-53.88,-1.9768888839258032,0.0026096033402922755,15.603603603603602,22.054054054054053,30.630630630630627,15,197,0.5405405405405406,7.0990990990990985,-6.558558558558558,-2.6900098259395535,weak_participation,broad_downtrend,distribution
2025-01-13,183,2552,-2369,-185.48,-1.94170981741874,-73.415,-2.3706707251871437,0.00039144050104384135,8.735795454545455,14.133522727272727,24.467329545454543,11,355,0.390625,12.606534090909092,-12.215909090909092,-3.9339401535543317,weak_participation,broad_downtrend,distribution
2025-01-14,2084,644,1440,-170.22,1.4105854379611338,-70.28,1.5534366444364693,0.9962160751565762,11.535688536409516,16.077865897620764,27.108868060562365,14,56,0.5046863734679163,2.0187454938716654,-1.514059120403749,-1.3790190393570056,strong_participation,broad_downtrend,distribution
2025-01-15,1477,1232,245,-204.38,0.40795313718208664,-64.915,0.31917883542519737,0.8230688935281837,13.17969031328772,17.104789341015483,27.367662945624776,17,54,0.6121714079942384,1.944544472452287,-1.3323730644580485,-1.3250085718980051,neutral_participation,broad_downtrend,distribution
2025-01-16,2035,678,1357,-146.72,1.3591098468906682,-56.22,1.448125433658797,0.99491127348643,18.711766822598058,19.611370996761423,29.11119107592659,19,21,0.6836991723641598,0.7556675062972292,-0.07196833393306945,-1.0196390841796028,strong_participation,broad_downtrend,distribution
2025-01-17,1388,1332,56,-162.74,0.1993379172257976,-56.67,0.1154614943299147,0.631589248434238,21.107515282272562,21.251348435814453,29.52175476447321,31,20,1.1147069399496585,0.7191657677094571,0.39554117224020147,-0.9030949222645628,neutral_participation,broad_downtrend,balanced
2025-01-20,1790,922,868,-178.78,0.9731663591554538,-61.9,0.9606606811682694,0.9770354906054279,27.695035460992905,24.078014184397162,30.141843971631204,33,23,1.1702127659574468,0.8156028368794326,0.35460992907801425,-0.9119290853609848,neutral_participation,broad_downtrend,balanced
2025-01-21,555,2168,-1613,-196.3,-1.297425099267663,-76.395,-1.5851116339035882,0.0069154488517745305,21.297956256722838,20.222301900322694,27.96701326640373,30,45,1.0756543564001435,1.6134815346002152,-0.5378271782000716,-1.1206853182751841,weak_participation,broad_downtrend,distribution
2025-01-22,674,2056,-1382,-199.86,-1.0790196553132623,-88.82,-1.3329949704527475,0.011482254697286013,16.08040201005025,16.941852117731514,25.915290739411347,38,86,1.3639626704953338,3.086862885857861,-1.722900215362527,-1.3986858449368453,weak_participation,broad_downtrend,distribution
2025-01-23,1532,1182,350,-170.64,0.47754544164534796,-89.86,0.4536764358233458,0.8728470772442589,19.899244332493705,18.35192515293271,26.592299388269165,20,70,0.7196833393306945,2.518891687657431,-1.7992083483267365,-1.4054408877528635,neutral_participation,broad_downtrend,distribution
2025-01-24,464,2256,-1792,-175.94,-1.4723720815616754,-101.36,-1.732146904624613,0.004697286012526096,14.480776140855193,14.983830398850163,23.89507725476105,36,147,1.2935680919870642,5.282069708947179,-3.988501616960115,-1.9134179464566967,weak_participation,broad_downtrend,distribution
2025-01-27,218,2523,-2305,-178.46,-1.9289810872294362,-112.08,-2.218675659829413,0.0006524008350730689,8.336276933945602,9.501942776404098,19.03920876015542,16,345,0.565171317555634,12.18650653479336,-11.621335217237725,-3.641742393387662,weak_participation,broad_downtrend,distribution
2025-01-28,807,1943,-1136,-203.84,-0.8400236890098908,-114.925,-1.0308432054865473,0.020485386221294363,7.859949982136477,8.86030725259021,17.541979278313683,14,326,0.5001786352268668,11.647016791711327,-11.14683815648446,-3.4346488954041168,neutral_participation,broad_downtrend,distribution
2025-01-29,2282,456,1826,-152.22,1.730649631529532,-106.67,1.933078271263291,0.9989561586638831,13.154121863799284,11.146953405017921,20.64516129032258,28,50,1.003584229390681,1.7921146953405016,-0.7885304659498207,-1.0517914523827803,strong_participation,broad_downtrend,distribution
2025-01-30,1492,1240,252,-163.6,0.3658534018955514,-100.45,0.35311333381863813,0.8256784968684759,15.764958796130419,11.859548548907203,20.745252597635254,32,55,1.146542457900394,1.9706198495163023,-0.8240773916159083,-1.0515260728580154,neutral_participation,broad_downtrend,distribution
2025-01-31,2055,665,1390,-107.86,1.310950422559803,-84.94,1.479297772001415,0.9955636743215032,28.663793103448278,13.936781609195403,22.80890804597701,33,33,1.1853448275862069,1.1853448275862069,0.0,-0.8569610177392439,strong_participation,broad_downtrend,balanced
2025-02-01,1354,1325,29,-128.5,0.13934538008564742,-87.155,0.11658608098448302,0.5822025052192067,31.491513181654028,15.384615384615385,23.401950162513543,33,28,1.191765980498375,1.0111953773925604,0.18057060310581452,-0.8086984537009156,neutral_participation,broad_downtrend,balanced
2025-02-03,656,2039,-1383,-179.76,-1.0668469595650432,-92.4,-1.2901336847394396,0.011351774530271398,24.482512491077802,13.383297644539615,21.413276231263385,45,95,1.6059957173447537,3.390435403283369,-1.7844396859386153,-1.258521088249502,weak_participation,broad_downtrend,distribution
2025-02-04,1908,798,1110,-165.84,1.1195910901987722,-85.42,1.1908139869452365,0.9889744258872651,34.311270125223615,15.241502683363148,22.719141323792485,40,35,1.4311270125223614,1.2522361359570662,0.17889087656529523,-0.7950714511983837,strong_participation,broad_downtrend,balanced
2025-02-05,1890,836,1054,-166.32,1.0713684743439662,-86.29,1.1371074751174906,0.9860386221294363,44.941008223096176,17.340007150518414,23.775473721844833,52,18,1.8591347872720771,0.6435466571326421,1.2155881301394351,-0.5476033969870632,strong_participation,broad_downtrend,balanced
2025-02-06,1182,1551,-369,-175.96,-0.16953311454265504,-91.52,-0.2770575517906858,0.15983820459290188,45.03216583273767,17.8699070764832,23.874195854181558,37,23,1.3223731236597571,0.8220157255182273,0.5003573981415298,-0.7099224590601781,neutral_participation,broad_downtrend,balanced
2025-02-07,929,1798,-869,-208.82,-0.5819733060795509,-98.89,-0.7687287044777249,0.040970772442588725,39.935760171306214,16.952177016416844,23.66167023554604,29,59,1.0349750178443968,2.105638829407566,-1.0706638115631693,-1.079464067100764,neutral_participation,broad_downtrend,distribution
2025-02-10,420,2319,-1899,-263.72,-1.4236845329267067,-109.995,-1.7723642260284524,0.003131524008350731,25.052928722653494,12.667607621736062,20.324629498941427,28,169,0.9880028228652082,5.963302752293578,-4.97529992942837,-2.003852418557497,weak_participation,broad_downtrend,distribution
2025-02-11,187,2574,-2387,-337.66,-1.7603876532640879,-121.96,-2.216043399667771,0.00026096033402922753,12.228937077852827,8.993956629932457,15.606114468538927,8,388,0.28439388553146105,13.793103448275861,-13.5087095627444,-3.921771433735318,weak_participation,broad_downtrend,distribution
2025-02-12,1016,1720,-704,-362.46,-0.2948521491513071,-126.1,-0.5650256899016454,0.0634133611691023,13.304873710423337,8.822483102098898,15.972963358235504,12,381,0.42689434364994666,13.553895410885804,-13.127001067235858,-3.710335757351265,neutral_participation,broad_downtrend,distribution
2025-02-13,1241,1495,-254,-371.86,0.10200295932192086,-126.445,-0.12470950838195494,0.2122259916492693,13.795568263045032,9.220872051465333,15.582558970693352,12,290,0.42887776983559683,10.364546104360258,-9.935668334524662,-2.924585534213266,neutral_participation,broad_downtrend,distribution
2025-02-14,314,2442,-2128,-425.7,-1.4505729652905397,-137.32,-1.928055525408393,0.0016962421711899792,8.880994671403197,6.714031971580817,12.753108348134992,11,547,0.39076376554174064,19.431616341030196,-19.040852575488454,-4.714975380898198,weak_participation,broad_downtrend,distribution
2025-02-17,907,1839,-932,-447.64,-0.41309263596486684,-137.815,-0.7689335957623371,0.0341205636743215,8.834917282646956,6.476592749032031,11.580429426258359,14,531,0.4927842309046111,18.690601900739175,-18.197817669834564,-4.343118687408387,neutral_participation,broad_downtrend,distribution
2025-02-18,611,2134,-1523,-477.98,-0.8852647406625027,-139.935,-1.3359659545418503,0.008220250521920668,7.881597717546363,6.027104136947218,11.055634807417974,17,622,0.6062767475035664,22.18259629101284,-21.57631954350927,-4.783713007886278,neutral_participation,broad_downtrend,distribution
2025-02-19,2093,651,1442,-453.78,1.57012426672641,-125.385,1.511543283355521,0.9963465553235908,11.537096201632943,7.24174653887114,12.424565140220093,34,101,1.2069577564785232,3.5853745118920837,-2.3784167554135607,-1.0195731924778257,strong_participation,broad_downtrend,distribution
2025-02-20,1980,764,1216,-406.72,1.3236451236640208,-121.145,1.284854030276291,0.9918449895615866,15.176344852155326,8.40755254720342,13.110081938012113,22,55,0.7837548984681154,1.9593872461702886,-1.175632347702173,-0.7775866824459101,strong_participation,broad_downtrend,balanced
2025-02-21,956,1795,-839,-416.44,-0.34426149337284734,-116.31,-0.6982093902322705,0.043319415448851775,13.976587442355445,8.478183753103938,12.912380276693863,16,88,0.5675771550195104,3.1216743526073074,-2.554097197587797,-1.0399364945670577,neutral_participation,broad_downtrend,distribution
2025-02-24,647,2103,-1456,-449.48,-0.8164243290987094,-126.88,-1.2805794257427436,0.009720772442588727,11.446629213483146,7.127808988764045,11.3061797752809,16,190,0.5617977528089888,6.671348314606742,-6.109550561797753,-1.719814700244667,neutral_participation,broad_downtrend,distribution
2025-02-25,1013,1728,-715,-442.84,-0.22118788061610972,-128.79,-0.564402823437891,0.06145615866388309,12.046908315565032,7.818052594171997,11.265103056147833,25,242,0.8884150675195452,8.599857853589196,-7.71144278606965,-2.0077533712846862,neutral_participation,broad_downtrend,distribution
2025-02-27,464,2299,-1835,-455.38,-1.111208396680115,-144.615,-1.6247307799850081,0.004044885177453027,9.76991150442478,7.008849557522123,9.91150442477876,16,456,0.5663716814159292,16.141592920353983,-15.575221238938052,-3.4378669965975477,weak_participation,broad_downtrend,distribution
2025-02-28,328,2442,-2114,-481.34,-1.293058142802256,-157.62,-1.8655330340438812,0.0019572025052192066,5.695083126989742,5.765829501238062,8.524938096922533,12,693,0.4244782454899187,24.5136186770428,-24.08914043155288,-4.7975187291079715,weak_participation,broad_downtrend,distribution
2025-03-03,829,1953,-1124,-465.72,-0.5268663882137324,-165.675,-0.9127706915497847,0.021007306889352817,5.512909979064899,5.373342637822749,8.129797627355199,11,645,0.38381018841591064,22.50523377529658,-22.12142358688067,-4.260586610900925,neutral_participation,broad_downtrend,distribution
2025-03-04,1615,1168,447,-446.38,0.7112704133981129,-167.36,0.5858604677234651,0.907098121085595,7.741027445460944,6.052076002814919,8.374384236453201,11,312,0.38705137227304715,10.978184377199156,-10.591133004926109,-2.22069760072228,neutral_participation,broad_downtrend,distribution
2025-03-05,2444,348,2096,-403.74,1.9148255505500182,-162.365,2.136491003221945,0.9997390396659708,15.55166374781086,7.5656742556917695,9.492119089316988,14,38,0.4903677758318739,1.3309982486865148,-0.840630472854641,-0.5356825625095308,strong_participation,broad_downtrend,balanced
2025-03-06,2245,563,1682,-360.18,1.526007486823175,-151.545,1.7219574647441098,0.99830375782881,25.506638714185886,10.202655485674354,10.552061495457723,20,24,0.6988120195667366,0.8385744234800839,-0.13976240391334738,-0.41070626085268286,strong_participation,broad_downtrend,balanced
2025-03-07,1757,1042,715,-345.24,0.7876177123865973,-147.815,0.8089909487928099,0.961312630480167,34.1838518000699,11.63928696260049,10.975183502271934,20,20,0.6990562740300594,0.6990562740300594,0.0,-0.38183188148428054,neutral_participation,broad_downtrend,balanced
2025-03-10,480,2325,-1845,-359.74,-1.0933096707584578,-156.535,-1.5732174629666165,0.0036534446764091857,25.5741127348643,9.846903270702853,10.160055671537926,19,96,0.6610995128740431,3.3402922755741122,-2.679192762700069,-0.8386821213004694,weak_participation,broad_downtrend,balanced
2025-03-11,925,1868,-943,-391.4,-0.40763845603070287,-158.59,-0.7301106659599635,0.0331419624217119,25.017543859649123,10.105263157894736,9.964912280701753,19,180,0.6666666666666667,6.315789473684211,-5.649122807017544,-1.3405002695377595,neutral_participation,broad_downtrend,distribution
2025-03-12,902,1894,-992,-437.68,-0.4159123528886979,-160.685,-0.7728911145940035,0.0293580375782881,23.58093903293623,9.950946040644709,9.635599159074983,27,257,0.94604064470918,9.004905395935529,-8.058864751226348,-1.7375932039855078,neutral_participation,broad_downtrend,distribution
2025-03-13,801,1986,-1185,-478.32,-0.5338437806099329,-160.855,-0.952027634033149,0.0180062630480167,22.140091517071454,9.785286870820133,9.010911650827174,30,307,1.0559662090813093,10.806054206265399,-9.750087997184089,-2.001797619891096,neutral_participation,broad_downtrend,distribution
2025-03-17,1087,1708,-621,-490.88,-0.09842383852446049,-161.48,-0.42706981829058804,0.07939718162839249,22.676837725381414,9.847434119278779,8.980582524271846,50,412,1.7337031900138695,14.285714285714285,-12.552011095700415,-2.439872417261272,neutral_participation,broad_downtrend,distribution
2025-03-18,2225,582,1643,-413.38,1.5444860840233277,-146.315,1.6568531999016098,0.9977818371607515,39.253314724354496,13.258897418004187,10.223307745987439,50,88,1.7445917655268668,3.070481507327285,-1.3258897418004183,-0.556185678917106,strong_participation,broad_downtrend,balanced
2025-03-19,2323,489,1834,-403.22,1.6611050777234764,-136.115,1.8091423640245081,0.9990866388308977,53.15001740341106,19.004524886877828,11.277410372432998,48,27,1.6707274625826662,0.9397841977027498,0.7309432648799165,-0.2145915114952722,strong_participation,broad_downtrend,balanced
2025-03-20,1774,1046,728,-366.32,0.8093273579506614,-136.525,0.7941369140110018,0.9628783924843424,56.91340782122904,23.84776536312849,12.185754189944134,45,27,1.5712290502793298,0.9427374301675978,0.628491620111732,-0.23235342783027502,neutral_participation,broad_downtrend,balanced
2025-03-21,2115,699,1416,-309.44,1.2628494442289224,-118.135,1.415771801680208,0.9958246346555324,66.214335421016,29.64509394572025,13.291579679888658,39,23,1.3569937369519833,0.8002783576896312,0.5567153792623522,-0.2450570127780521,strong_participation,broad_downtrend,balanced
2025-03-24,1877,936,941,-251.54,0.8791309714625479,-120.05,0.9812017416381865,0.9813413361169102,69.83085950983777,35.174318260269246,14.84294097342078,35,33,1.2081463583016916,1.1391094235415948,0.06903693476009676,-0.32723107400332924,neutral_participation,range_bound,balanced
2025-03-25,584,2247,-1663,-237.42,-1.0658143738884702,-137.195,-1.4147420179089114,0.00587160751565762,61.55184411969381,29.993041057759225,14.09185803757829,22,81,0.7654836464857342,2.8183716075156577,-2.0528879610299233,-0.6827722207109687,weak_participation,broad_downtrend,balanced
2025-03-26,496,2340,-1844,-303.1,-1.1549889587342577,-154.815,-1.567758051037416,0.0037839248434237997,50.52155771905424,26.39082058414465,12.899860917941586,23,165,0.7997218358831711,5.737134909596662,-4.937413073713491,-1.162633552244935,weak_participation,broad_downtrend,distribution
2025-03-27,1348,1489,-141,-310.82,0.127492101395195,-159.78,0.017468547207772325,0.295276617954071,51.35510771369006,28.24878387769284,13.446838082001388,25,231,0.8686587908269632,8.026407227241139,-7.157748436414176,-1.5225039170151378,neutral_participation,broad_downtrend,distribution
2025-03-28,989,1846,-857,-355.1,-0.3825223615829378,-167.725,-0.6415902218130038,0.042471294363256785,48.24956672443675,28.2842287694974,13.310225303292894,47,248,1.6291161178509532,8.596187175043328,-6.967071057192374,-1.4786990319808409,neutral_participation,broad_downtrend,distribution
2025-04-01,1813,1002,811,-340.0,0.8711642452478388,-168.355,0.9121237457872747,0.971946764091858,57.64419735927727,29.18693537178596,12.821403752605976,38,32,1.320361362056984,1.111883252258513,0.20847810979847115,-0.2860769510722949,neutral_participation,broad_downtrend,balanced
2025-04-02,2116,671,1445,-328.46,1.328991366645657,-164.265,1.492407213622167,0.9964770354906054,64.4109396914446,35.589060308555396,14.025245441795231,29,17,1.0168302945301542,0.5960729312762973,0.4207573632538568,-0.2521258127357314,strong_participation,range_bound,balanced
2025-04-03,1974,819,1155,-273.1,1.067757696653695,-161.18,1.2173331298940435,0.9904749478079332,69.88834612700629,40.40474528960223,15.143056524773202,24,18,0.8374040474528961,0.6280530355896721,0.20935101186322402,-0.2874171749993237,strong_participation,range_bound,balanced
2025-04-04,488,2304,-1816,-281.78,-1.1396680390769172,-172.035,-1.5125620306302006,0.004305845511482255,47.02172389628592,27.9957953749124,12.929222144358796,24,81,0.8409250175192713,2.8381219341275403,-1.997196916608269,-0.6493448847173219,weak_participation,broad_downtrend,balanced
2025-04-07,186,2619,-2433,-337.44,-1.5221272995627835,-181.06,-2.050731429193401,0.00013048016701461377,20.738933426280934,15.545486232136632,8.922969675845243,8,317,0.27884280237016384,11.049146043917741,-10.770303241547577,-2.081639474147347,weak_participation,broad_downtrend,distribution
2025-04-08,2364,420,1944,-262.72,1.5791571996512557,-175.07,1.9152253411956723,0.9994780793319415,35.867652235128475,23.477648715241113,10.41886659626892,22,27,0.7743752199929602,0.9503695881731784,-0.17599436818021819,-0.3284724185265981,strong_participation,broad_downtrend,balanced
2025-04-09,891,1852,-961,-235.84,-0.5293237430963261,-178.03,-0.7068134692634533,0.031315240083507306,31.39493399928648,22.01212986086336,10.48876204067071,23,106,0.8205494113449875,3.781662504459508,-2.96111309311452,-0.7825551192257891,neutral_participation,broad_downtrend,balanced
2025-04-11,2327,408,1919,-174.74,1.4988795473424814,-168.69,1.8681471840937343,0.9993475991649269,47.44987689060851,29.89799507562434,12.240590925079143,39,15,1.371790362293352,0.5276116778051354,0.8441786844882166,-0.15064007401637913,strong_participation,broad_downtrend,balanced
2025-04-15,2506,285,2221,-166.84,1.6941328117787036,-156.005,2.103235795467945,0.9998695198329853,69.44925528229996,44.05957741600277,14.721163837894007,46,8,1.593349497748528,0.27710426047800485,1.3162452372705231,-0.06837513790832016,strong_participation,range_bound,balanced
2025-04-16,2021,777,1244,-147.0,0.977914574184144,-148.58,1.2275111716137341,0.9929540709812108,74.38768369489154,50.629811056682996,15.920223932820154,55,8,1.9244226731980407,0.27991602519244224,1.6445066480055985,-0.011672618778188648,neutral_participation,range_bound,balanced
2025-04-17,1823,956,867,-157.46,0.7251419598684195,-140.41,0.8868972986521736,0.9769050104384134,75.39321915414192,54.42153093324013,16.637539321915416,64,11,2.23698007689619,0.3844809507165327,1.852499126179657,0.026938304970379263,neutral_participation,range_bound,balanced
2025-04-21,2230,568,1662,-124.8,1.2444135219903305,-133.26,1.571044689308604,0.9979123173277662,78.46047635484985,61.30479806696583,19.054193993786676,85,9,2.9340697273041076,0.3106662064204349,2.623403520883673,0.15549323292471245,strong_participation,range_bound,balanced
2025-04-22,1801,1011,790,-81.34,0.609383867348735,-135.165,0.8109449069208555,0.9702505219206681,80.95238095238095,65.62391379909627,20.090371915189433,69,5,2.398331595411887,0.1737921445950643,2.224539450816823,0.0884849416581519,neutral_participation,range_bound,balanced
2025-04-23,1505,1289,216,-99.22,0.22195055512450962,-133.855,0.30659412478522163,0.8059759916492694,82.42105263157895,68.56140350877193,21.614035087719298,37,7,1.2982456140350878,0.2456140350877193,1.0526315789473684,-0.10519748377661496,neutral_participation,range_bound,balanced
2025-04-24,1286,1487,-201,-124.32,-0.05436425161262437,-138.565,-0.054795657463493797,0.243410751565762,82.01970443349754,70.02111189303307,21.111893033075297,40,6,1.4074595355383532,0.211118930330753,1.1963406052076002,-0.08014216621513764,neutral_participation,broad_uptrend,balanced
2025-04-25,332,2459,-2127,-159.48,-1.3679048413794033,-150.82,-1.722061107581387,0.0018267223382045928,67.2733636681834,59.46797339866994,17.36086804340217,18,22,0.6300315015750788,0.7700385019250963,-0.14000700035001745,-0.3002170071133184,weak_participation,range_bound,balanced
2025-04-28,1462,1323,139,-139.32,0.19391624552827233,-152.48,0.25414537441348933,0.7397573068893528,66.48103028193526,59.51966585450749,18.65645666550644,20,20,0.6961364427427775,0.6961364427427775,0.0,-0.2744171096551338,neutral_participation,range_bound,balanced
2025-04-29,1271,1490,-219,-105.72,-0.08018625757427816,-150.835,-0.05945131651112718,0.23166753653444677,64.98944405348345,60.802251935256855,18.64883884588318,28,22,0.9852216748768473,0.7741027445460943,0.21111893033075302,-0.2366291428345335,neutral_participation,range_bound,balanced
2025-04-30,556,2209,-1653,-91.04,-1.1219477688852826,-159.49,-1.2971752056871328,0.006263048016701462,50.05268703898841,53.3544081489287,16.789603090972953,19,34,0.6673691605198454,1.194239550403934,-0.5268703898840886,-0.35567868905151284,weak_participation,range_bound,balanced
2025-05-02,1102,1652,-550,-87.96,-0.3321705766047777,-156.9,-0.3418607635305961,0.09740344467640918,45.46732255797611,52.35418130709768,16.549543218552355,25,28,0.8784258608573436,0.9838369641602248,-0.10541110330288117,-0.28125537012274215,neutral_participation,range_bound,balanced
2025-05-05,1983,787,1196,-58.96,0.8947975358461524,-153.625,1.1707262401802927,0.9915187891440501,52.29166666666667,57.395833333333336,17.84722222222222,30,20,1.0416666666666665,0.6944444444444444,0.3472222222222221,-0.20241266112334252,neutral_participation,range_bound,balanced
2025-05-06,383,2413,-2030,-57.0,-1.4096660848238167,-161.195,-1.6108317261833476,0.0022181628392484343,36.28411476557033,45.661301609517146,15.36039188243527,14,58,0.489853044086774,2.0293911826452065,-1.5395381385584326,-0.5119246387442455,weak_participation,range_bound,balanced
2025-05-07,1684,1079,605,-26.26,0.4519044211698266,-159.27,0.6582271030621057,0.9459159707724426,40.64925899788285,48.941425546930134,16.654904728299226,23,55,0.8115737473535639,1.9407198306280877,-1.1291460832745237,-0.43890287819156004,neutral_participation,range_bound,balanced
2025-05-08,753,1999,-1246,-20.72,-0.8806287391126622,-165.315,-0.9287358906826674,0.015200939457202505,32.58268824771287,44.47572132301196,15.65798733286418,14,72,0.49261083743842365,2.533427163969036,-2.0408163265306123,-0.5854851883413766,neutral_participation,range_bound,balanced
2025-05-09,812,1940,-1128,-72.12,-0.7630954137605844,-166.115,-0.8262069481060759,0.020681106471816285,25.646475380800567,41.480694296847325,14.452709883103083,14,98,0.495926319518243,3.4714842366277012,-2.9755579171094584,-0.7367138808815308,neutral_participation,range_bound,balanced
2025-05-12,2598,181,2417,-48.1,1.7402359594310408,-144.785,2.1852978792099202,1.0,55.425017277125086,62.33586731167934,19.90324809951624,27,11,0.9329647546648236,0.38009675190048375,0.5528680027643399,-0.14475420299602942,strong_participation,range_bound,balanced
2025-05-13,1821,967,854,-14.24,0.6125258198803673,-142.495,0.8489551589902179,0.9762526096033403,62.605337078651694,68.43398876404494,21.172752808988765,34,11,1.193820224719101,0.38623595505617975,0.8075842696629212,-0.10190520587177578,neutral_participation,range_bound,balanced
2025-05-14,2139,640,1499,44.86,1.0256759183997912,-132.42,1.3834936580747357,0.9969989561586639,69.86396930589467,72.79386117893269,23.857690966166725,54,10,1.8835019183815835,0.3487966515521451,1.5347052668294383,0.020010054500413186,strong_participation,broad_uptrend,balanced
2025-05-15,1994,791,1203,83.22,0.7870819128714033,-132.62,1.1328682857236767,0.9916492693110647,73.2655921513665,75.40294323756132,26.31394533987386,62,5,2.172389628591451,0.17519271198318148,1.9971969166082693,0.09611202104892973,neutral_participation,broad_uptrend,balanced
2025-05-16,1928,864,1064,141.2,0.6582739387612316,-127.125,1.0077314200992298,0.9866910229645094,75.8897418004187,77.45987438939288,28.053035589672014,53,5,1.8492672714584788,0.17445917655268667,1.6748080949057922,0.04191452986813272,neutral_participation,broad_uptrend,balanced
2025-05-19,1753,1033,720,197.88,0.38232936185171157,-128.59,0.7186889323414546,0.9622259916492694,77.28369527749052,77.52499138228197,28.81764908652189,55,5,1.8958979662185453,0.1723543605653223,1.723543605653223,0.04986187305836004,neutral_participation,broad_uptrend,balanced
2025-05-20,766,2047,-1281,194.74,-1.0780426885970356,-137.325,-0.9669325444276425,0.013896137787056367,73.02861130495464,75.47103977669225,27.39009071877181,34,10,1.1863224005582695,0.34891835310537334,0.8374040474528962,-0.0966970786091901,weak_participation,broad_uptrend,balanced
2025-05-21,1761,1010,751,200.82,0.401379122019718,-135.815,0.7491690880407849,0.965553235908142,75.79684763572679,76.63747810858143,28.7215411558669,48,8,1.6812609457092822,0.28021015761821366,1.4010507880910685,-0.0006512293031988542,neutral_participation,broad_uptrend,balanced
2025-05-22,1107,1665,-558,147.74,-0.5239272544118999,-139.375,-0.3535904856119849,0.09551148225469729,73.93282015395381,75.05248425472358,28.02659202239328,40,10,1.3995801259622114,0.34989503149055284,1.0496850944716585,-0.0558900964248442,neutral_participation,broad_uptrend,balanced
2025-05-23,1737,1029,708,128.26,0.43545932082516176,-131.36,0.7087926570980124,0.9603992693110647,76.01683029453015,75.77138849929874,29.6984572230014,46,10,1.6129032258064515,0.3506311360448808,1.2622720897615707,-0.01605293197346383,neutral_participation,broad_uptrend,balanced
2025-05-26,1727,1052,675,127.46,0.41138044744884406,-124.175,0.6745660266677066,0.9568110647181628,75.01730103806227,74.84429065743944,30.622837370242213,66,8,2.283737024221453,0.27681660899653976,2.0069204152249136,0.11429834464047725,neutral_participation,broad_uptrend,balanced
2025-05-27,1268,1522,-254,159.28,-0.31752747349465654,-114.51,-0.11864808875919934,0.2122259916492693,74.72067039106145,74.86033519553072,30.691340782122907,53,15,1.8505586592178773,0.5237430167597765,1.3268156424581008,0.0038916879352804924,neutral_participation,broad_uptrend,balanced
2025-05-28,1365,1427,-62,176.9,-0.18486991891685847,-110.205,0.041051323944549876,0.39926931106471814,73.22423398328691,73.7116991643454,30.46657381615599,59,13,2.054317548746518,0.45264623955431754,1.6016713091922006,0.05422182117749899,neutral_participation,broad_uptrend,balanced
2025-05-29,1499,1307,192,200.58,-0.006696824907817432,-117.745,0.2653286265714131,0.7892745302713987,71.14583333333333,72.77777777777777,31.770833333333332,58,14,2.013888888888889,0.4861111111111111,1.5277777777777777,0.04615860988136851,neutral_participation,broad_uptrend,balanced
2025-05-30,1176,1630,-454,215.2,-0.5272675640564095,-117.32,-0.2884355008599177,0.12963204592901878,68.47788227098573,71.64750957854406,30.755834204110066,68,11,2.3685127133402992,0.38314176245210724,1.985370950888192,0.1263445933919099,neutral_participation,broad_uptrend,balanced
2025-06-02,1454,1358,96,229.54,-0.10568365611366488,-120.265,0.1854806663600122,0.6891310020876826,64.88523466940734,69.85268927714971,31.106543336759163,73,12,2.50085645769099,0.41109969167523125,2.0897567660157588,0.14613961315051305,neutral_participation,range_bound,balanced
2025-06-03,1075,1747,-672,183.24,-0.6824977417378455,-123.05,-0.4705461938124424,0.06856732776617953,60.15950069348127,69.79889042995839,31.31067961165049,38,20,1.3176144244105408,0.6934812760055479,0.6241331484049929,-0.10228455155602367,neutral_participation,range_bound,balanced
2025-06-04,1582,1205,377,154.1,0.1811205005704732,-114.345,0.42218702497401406,0.8834159707724426,59.9791738979521,69.80215203054495,32.03748698368622,62,18,2.15203054494967,0.6247830614370011,1.527247483512669,0.051545949860607676,neutral_participation,range_bound,balanced
2025-06-05,1681,1122,559,150.72,0.33212523320320836,-107.415,0.5726835956498839,0.937695720250522,61.026352288488205,70.45769764216367,33.46047156726769,77,15,2.669902912621359,0.5201109570041609,2.1497919556171983,0.15598429742791897,neutral_participation,broad_uptrend,balanced
2025-06-06,1610,1198,412,130.64,0.23131739492820708,-110.5,0.4498654579096603,0.896268267223382,62.3789764868603,71.30013831258644,35.16597510373444,76,9,2.627939142461964,0.3112033195020747,2.316735822959889,0.183187124982952,neutral_participation,broad_uptrend,balanced
2025-06-09,2030,794,1236,136.54,0.9004183024270461,-110.15,1.1586208976257517,0.992562630480167,67.29516626671239,73.60301679808022,37.744257799108674,99,10,3.393897840246829,0.34281796366129585,3.051079876585533,0.31244657233765954,neutral_participation,broad_uptrend,balanced
2025-06-10,1573,1244,329,176.38,0.127894851835812,-112.205,0.38011742506027657,0.8626043841336117,68.98821898821899,74.80942480942481,39.01593901593902,74,10,2.564102564102564,0.3465003465003465,2.2176022176022174,0.16651709465387649,neutral_participation,broad_uptrend,balanced
2025-06-11,1507,1319,188,217.02,-0.02507849461637638,-115.475,0.2618589946150659,0.7862734864300627,68.43739220420835,75.54329078992757,39.91031390134529,50,10,1.7247326664367024,0.3449465332873405,1.379786133149362,0.023507827089723744,neutral_participation,broad_uptrend,balanced
2025-06-12,673,2158,-1485,190.14,-1.418387509680253,-126.26,-1.1697205931689592,0.009133611691022964,59.494109494109495,72.86902286902287,36.9022869022869,35,15,1.2127512127512128,0.5197505197505198,0.693000693000693,-0.09217466889116403,weak_participation,broad_uptrend,balanced
2025-06-13,844,1966,-1122,184.84,-1.101522164454572,-130.825,-0.8517352692686693,0.021268267223382046,48.8517745302714,70.63326374391093,35.21224773834377,50,16,1.7397355601948505,0.5567153792623522,1.1830201809324983,-0.0044494690243564484,weak_participation,broad_uptrend,balanced
2025-06-16,1481,1312,169,172.0,-0.0025360356180378243,-131.24,0.2580290066400212,0.7706158663883089,52.40384615384615,68.78434065934066,36.77884615384615,44,14,1.510989010989011,0.4807692307692308,1.0302197802197801,-0.02633910522115296,neutral_participation,range_bound,balanced
2025-06-17,870,1943,-1073,121.64,-1.0113393328702975,-137.905,-0.8025502369203106,0.024530271398747392,44.44829979181124,66.68979875086745,35.77376821651631,38,13,1.31852879944483,0.4510756419153366,0.8674531575294935,-0.049547947752965886,weak_participation,range_bound,balanced
2025-06-18,920,1880,-960,79.34,-0.8797865589590632,-140.335,-0.7027516476258903,0.031510960334029225,39.466389466389465,65.55786555786555,34.234234234234236,38,15,1.3167013167013166,0.5197505197505198,0.7969507969507968,-0.05636470917298133,neutral_participation,range_bound,balanced
2025-06-19,444,2382,-1938,76.9,-1.6996661202447978,-145.255,-1.5298065479586687,0.0027400835073068896,26.558171745152354,56.68282548476454,30.12465373961219,14,34,0.48476454293628807,1.1772853185595569,-0.6925207756232687,-0.3072809954889147,weak_participation,range_bound,balanced
2025-06-20,1922,882,1040,146.36,0.7865689591715589,-142.7,1.0074880854599815,0.9853862212943633,35.26151714582612,59.438863872532046,32.14409421544856,23,21,0.796674748874264,0.7273986837547627,0.06927606511950135,-0.1682068038987705,neutral_participation,range_bound,balanced
2025-06-23,1271,1530,-259,102.3,-0.3262774435630585,-141.28,-0.10030719800327513,0.20909446764091857,34.79752916952643,57.3095401509952,32.566918325326014,31,27,1.0638297872340425,0.9265614275909403,0.13726835964310224,-0.1493674876962624,neutral_participation,range_bound,balanced
2025-06-24,1985,820,1165,144.82,0.9219926532996887,-135.575,1.1048318747259123,0.9906054279749478,42.223761690335984,61.794250086595085,35.36543124350537,35,17,1.2123311395912713,0.5888465535157603,0.6234845860755109,-0.060502541791916026,neutral_participation,range_bound,balanced
2025-06-25,2122,696,1426,134.96,1.181762432543925,-127.06,1.3136031809404973,0.995955114822547,52.137931034482754,66.10344827586206,37.93103448275862,41,9,1.4137931034482758,0.3103448275862069,1.103448275862069,0.028800572986244766,strong_participation,range_bound,balanced
2025-06-26,1505,1301,204,94.62,0.10414214837233741,-128.1,0.28098706794040373,0.7977557411273486,53.34252239834597,65.57546519641626,38.662991040661616,74,14,2.5499655410062028,0.4824259131633356,2.067539627842867,0.2015307543452491,neutral_participation,range_bound,balanced
2025-06-27,1615,1210,405,77.84,0.3151254238930723,-119.525,0.44469895672510207,0.8948982254697286,55.96140592694693,66.0578911095796,39.14541695382495,75,17,2.584424534803584,0.5858028945554791,1.9986216402481047,0.1931517788002404,neutral_participation,range_bound,balanced
2025-06-30,1654,1165,489,70.28,0.4050721194640248,-113.355,0.510710534348801,0.920276617954071,58.47255369928401,66.89396522332083,40.77736106375725,66,16,2.2502557108762358,0.5455165359699966,1.7047391749062393,0.14499796544998098,neutral_participation,range_bound,balanced
2025-07-01,1353,1461,-108,34.88,-0.14173762905231352,-119.225,0.009541306172155687,0.32913622129436326,58.54583046175051,67.74638180565128,41.66092350103377,60,12,2.067539627842867,0.41350792556857335,1.6540317022742936,0.13964486744616994,neutral_participation,range_bound,balanced
2025-07-02,1079,1740,-661,5.86,-0.662380596293102,-117.705,-0.4621578857472844,0.07065501043841337,54.72926662097327,66.65524331734063,41.1240575736806,38,14,1.3022618231665526,0.47978067169294036,0.8224811514736122,-0.00498790885802121,neutral_participation,range_bound,balanced
2025-07-03,1370,1468,-98,-0.42,-0.09695904612257815,-121.865,0.020327879107193417,0.3425756784968685,55.73826652963344,66.87221651250428,41.555327166837955,40,13,1.3703323055841041,0.4453579993148339,0.9249743062692702,0.01666591669335804,neutral_participation,range_bound,balanced
2025-07-04,1551,1277,274,9.08,0.2631531606906161,-123.76,0.3390813281218222,0.8370302713987474,56.61865569272977,67.8326474622771,42.38683127572017,44,14,1.5089163237311385,0.48010973936899864,1.02880658436214,0.042541124236466846,neutral_participation,range_bound,balanced
2025-07-07,1070,1754,-684,37.94,-0.7488957703202621,-127.045,-0.47452953621114846,0.06647964509394572,54.27306775621382,66.05379639087504,41.4708886618999,30,22,1.0214504596527068,0.7490636704119851,0.2723867892407217,-0.08826069410054009,neutral_participation,range_bound,balanced
2025-07-08,1257,1558,-301,29.14,-0.3420883545270672,-125.33,-0.14973695870560347,0.1893267223382046,53.358464701850586,64.83893077450308,41.53529814941741,37,19,1.2679917751884853,0.6511309115832763,0.616860863605209,-0.01832727052904419,neutral_participation,range_bound,balanced
2025-07-09,1385,1448,-63,32.26,-0.09876561360353715,-120.215,0.04885120510658325,0.39711638830897705,55.49845837615622,64.91949297704693,42.411784857828025,39,14,1.3360739979445015,0.4796163069544364,0.8564576909900652,0.03289842017236082,neutral_participation,range_bound,balanced
2025-07-10,1233,1599,-366,58.0,-0.4533084986877038,-116.015,-0.2138817557667211,0.16140396659707723,55.93278463648834,65.08916323731138,42.661179698216735,37,16,1.2688614540466392,0.5486968449931412,0.720164609053498,0.01618825271031963,neutral_participation,range_bound,balanced
2025-07-11,886,1947,-1061,47.78,-1.1734767641613393,-125.815,-0.8003544046439166,0.02537839248434238,46.38678596008259,60.874053682037164,41.810048176187195,49,14,1.6861665519614588,0.4817618719889883,1.2044046799724706,0.11119489490607429,weak_participation,range_bound,balanced
2025-07-14,1349,1475,-126,21.34,-0.15835037864261445,-130.04,0.0034621047409817973,0.31112995824634654,46.101694915254235,58.06779661016949,41.152542372881356,58,19,1.966101694915254,0.6440677966101694,1.3220338983050848,0.14066260474101266,neutral_participation,range_bound,balanced
2025-07-15,1916,920,996,81.86,1.0248983899419208,-124.15,0.957698928484429,0.9836899791231732,55.013642564802176,62.21009549795361,43.69031377899045,55,13,1.8758526603001364,0.44338335607094137,1.432469304229195,0.1643815499268369,strong_participation,range_bound,balanced
2025-07-16,1643,1204,439,78.54,0.4048962789813103,-119.125,0.47707988425903874,0.9046842379958246,57.9541566883339,64.00957919945262,45.26171741361615,54,8,1.8474170372904548,0.27369141293191923,1.5737256243585356,0.19517224470416353,neutral_participation,range_bound,balanced
2025-07-17,1323,1523,-200,99.46,-0.3439837324674859,-118.115,-0.0700039807006012,0.24393267223382045,55.71135430916553,63.064295485636116,46.306429548563614,55,8,1.880984952120383,0.27359781121751026,1.6073871409028726,0.20581399166921763,neutral_participation,range_bound,balanced
2025-07-18,966,1880,-914,103.74,-1.1766945348297457,-122.55,-0.6758448638531214,0.03633872651356994,48.71969955616251,58.279276203482425,44.79344486172755,46,5,1.5705018777739843,0.1707067258449983,1.399795151928986,0.17372895994819756,weak_participation,range_bound,balanced
2025-07-21,1379,1466,-87,53.66,-0.17623127447308423,-119.41,0.027693802893611195,0.3591466597077244,46.82512733446519,56.808149405772504,44.75382003395586,62,13,2.1052631578947367,0.4414261460101867,1.66383701188455,0.22888414806148547,neutral_participation,range_bound,balanced
2025-07-22,1119,1713,-594,24.7,-0.7784484629498446,-124.64,-0.40113883005839057,0.08585594989561586,41.87713310580205,54.26621160409556,44.744027303754265,66,13,2.2525597269624575,0.4436860068259386,1.808873720136519,0.2606042449653541,neutral_participation,range_bound,balanced
2025-07-23,1408,1432,-24,-5.76,-0.0238186649815281,-116.0,0.07901352547899954,0.47683977035490605,42.500854116843186,53.501879057055,44.824051930304066,82,19,2.801503245644004,0.6491288008199522,2.152374444824052,0.32491817555518526,neutral_participation,range_bound,balanced
2025-07-24,962,1884,-922,-48.26,-1.155373632169063,-115.48,-0.6929030711904973,0.03516440501043842,38.46942261701401,50.87119918004783,44.31158182439358,47,23,1.6057396651861975,0.7857874957294158,0.8199521694567817,0.07243921857596058,weak_participation,range_bound,balanced
2025-07-25,485,2375,-1890,-107.34,-2.2781438381596915,-113.71,-1.5299857896097222,0.0032620041753653444,27.409948542024015,38.45626072041166,40.78902229845626,26,26,0.8919382504288165,0.8919382504288165,0.0,-0.08133674758466122,weak_participation,range_bound,balanced
2025-07-28,658,2199,-1541,-152.56,-1.7379882101324544,-129.885,-1.2183640560682707,0.007828810020876827,21.944632005401758,31.701553004726534,36.93450371370696,28,44,0.9453072248480756,1.4854827819041188,-0.5401755570560431,-0.1795948383677435,weak_participation,range_bound,balanced
2025-07-29,1890,957,933,-108.28,1.307468846103464,-130.175,0.9181687217908712,0.9810151356993737,26.346483704974272,36.123499142367066,39.72555746140652,56,32,1.921097770154374,1.0977701543739278,0.8233276157804463,0.08372681607722958,strong_participation,range_bound,balanced
2025-07-30,1430,1393,37,-122.56,0.20273602490229464,-130.945,0.145059483683684,0.5975991649269311,27.83115991763899,36.47906657515443,40.18531228551819,53,32,1.818805765271105,1.0981468771448182,0.7206588881262868,0.07180823103065218,neutral_participation,range_bound,balanced
2025-07-31,900,1933,-1033,-132.06,-1.132943222745248,-136.585,-0.7731670993390454,0.027074634655532358,24.734133790737562,33.55060034305317,39.073756432246995,52,36,1.783876500857633,1.234991423670669,0.548885077186964,0.046924326940590955,weak_participation,range_bound,balanced
2025-08-01,637,2197,-1560,-177.42,-1.7050875256425786,-144.58,-1.2163153660178703,0.007567849686847599,19.446343130553657,28.981544771018452,36.15857826384142,24,49,0.8202323991797676,1.674641148325359,-0.8544087491455913,-0.21771524817041343,weak_participation,broad_downtrend,balanced
2025-08-04,1743,1109,634,-178.24,1.0027699062063171,-140.775,0.6650451470209342,0.9504827766179541,22.941970310391362,30.026990553306344,37.48313090418354,47,50,1.5856950067476383,1.6869095816464237,-0.10121457489878538,-0.06228354715118807,strong_participation,range_bound,balanced
2025-08-05,1044,1808,-764,-188.44,-0.7069283144523614,-144.21,-0.5316345541840569,0.052974947807933194,23.110959836623554,28.624914908100752,37.30428863172226,40,47,1.3614703880190604,1.5997277059223962,-0.23825731790333582,-0.0839017022258856,neutral_participation,broad_downtrend,balanced
2025-08-06,683,2171,-1488,-216.96,-1.5233419105307582,-144.15,-1.152777369495831,0.00900313152400835,19.20462270564242,24.983004758667573,34.87423521414004,29,90,0.9857239972807614,3.059143439836846,-2.0734194425560846,-0.44220903086374447,weak_participation,broad_downtrend,balanced
2025-08-07,1285,1572,-287,-226.54,-0.0726392800814114,-145.04,-0.12177142037457966,0.19630741127348644,18.413886997957796,24.302246426140233,35.05786249149081,39,80,1.3274336283185841,2.722940776038121,-1.3955071477195367,-0.30632824379778545,neutral_participation,broad_downtrend,balanced
2025-08-08,850,2003,-1153,-240.52,-1.0836487468539366,-142.955,-0.8680343231569849,0.019180584551148225,15.387228260869565,21.161684782608695,32.26902173913043,39,88,1.3247282608695652,2.989130434782609,-1.6644021739130437,-0.3580872749979708,weak_participation,broad_downtrend,balanced
2025-08-11,1586,1278,308,-236.28,0.644649421173895,-129.865,0.3795035234232169,0.8531445720250522,17.71043771043771,22.626262626262626,33.03030303030303,25,69,0.8417508417508417,2.323232323232323,-1.4814814814814814,-0.3183261827488306,neutral_participation,broad_downtrend,balanced
2025-08-12,1345,1511,-166,-226.16,0.07144858896267042,-132.455,-0.0290866575430831,0.2719206680584551,19.232076112810056,22.969758749575263,34.18280665987088,27,62,0.9174311926605505,2.106693849813116,-1.1892626571525653,-0.25721966676674485,neutral_participation,broad_downtrend,balanced
2025-08-13,1670,1196,474,-224.22,0.827733421946286,-125.72,0.5201998648942077,0.9168188935281837,22.920203735144312,24.448217317487266,35.11035653650254,34,56,1.1544991511035654,1.9015280135823427,-0.7470288624787773,-0.16591113807763028,neutral_participation,broad_downtrend,balanced
2025-08-14,1060,1783,-723,-249.86,-0.564128315931758,-119.55,-0.526433815998837,0.06041231732776618,22.10490463215259,23.944141689373296,34.264305177111716,26,77,0.8855585831062671,2.6226158038147136,-1.7370572207084465,-0.3585990971468782,neutral_participation,broad_downtrend,balanced
2025-08-18,1916,952,964,-238.82,1.4131858712277887,-119.825,0.9457213207987138,0.9822546972860126,32.04272363150868,27.60347129506008,35.213618157543394,46,40,1.5353805073431241,1.335113484646195,0.2002670226969292,0.02726629525881511,strong_participation,broad_downtrend,balanced
2025-08-19,1985,900,1085,-241.84,1.5682693282131253,-117.195,1.0470283802805311,0.9879958246346555,40.559676331759945,31.591368846931893,37.42414025623736,54,15,1.8206338503034392,0.5057316250842886,1.3149022252191505,0.24853484064811818,strong_participation,range_bound,balanced
2025-08-20,1677,1198,479,-238.84,0.8461284469595756,-121.34,0.524535778725159,0.9181889352818372,45.90663058186738,34.10013531799729,38.63328822733423,51,12,1.725304465493911,0.40595399188092013,1.3193504736129908,0.25111749033779385,neutral_participation,range_bound,balanced
2025-08-21,1394,1479,-85,-244.3,0.18819665220447696,-125.15,0.035123378331616974,0.36116910229645094,48.3468286099865,34.68286099865047,38.967611336032384,47,11,1.5856950067476383,0.37112010796221323,1.214574898785425,0.23430360898294936,neutral_participation,range_bound,balanced
2025-08-22,1039,1844,-805,-230.7,-0.6907264078931684,-138.94,-0.5870848874022113,0.04814718162839248,46.01620526671168,31.296421336934504,38.38622552329507,51,16,1.7218095881161375,0.5401755570560433,1.1816340310600943,0.23272945507863435,neutral_participation,range_bound,balanced
2025-08-25,1364,1528,-164,-211.54,0.05787233524485648,-132.13,-0.028197733566244634,0.2743997912317328,47.238031469702044,31.570137261466353,38.29929695346502,57,23,1.9082691663876798,0.7700033478406427,1.1382658185470371,0.23174978301211507,neutral_participation,range_bound,balanced
2025-08-26,555,2341,-1786,-250.64,-1.8083382087017041,-145.345,-1.4467164819001137,0.004827766179540709,34.176788124156545,25.64102564102564,35.256410256410255,26,61,0.8771929824561403,2.058029689608637,-1.1808367071524968,-0.2284642670384873,weak_participation,broad_downtrend,balanced
2025-08-28,795,2052,-1257,-254.32,-1.1753769540247834,-159.98,-0.9713416342018877,0.014744258872651357,29.403747870528107,22.214650766609882,33.35604770017036,47,81,1.6013628620102214,2.7597955706984667,-1.1584327086882453,-0.21815887479840745,weak_participation,broad_downtrend,balanced
2025-08-29,1144,1705,-561,-246.34,-0.37097939144152436,-159.1,-0.35597779425330367,0.09485908141962422,28.634361233480178,22.500847170450694,32.802439850898004,53,62,1.7960013554727212,2.1009827177228058,-0.30498136225008454,-0.03680534367398046,neutral_participation,broad_downtrend,balanced
2025-09-01,2024,850,1174,-184.1,1.6252877409270015,-147.21,1.1687321335546288,0.9911273486430062,37.56277201205223,25.51054569802477,35.15232674924674,74,32,2.4774020756611987,1.0713090056913293,1.4060930699698695,0.32223800190701146,strong_participation,broad_downtrend,balanced
2025-09-02,1795,1089,706,-190.78,1.0844949446006753,-138.125,0.7470258513185551,0.9602035490605428,44.97978436657682,28.26819407008086,36.556603773584904,41,19,1.3814016172506738,0.6401617250673854,0.7412398921832883,0.1913314042447594,strong_participation,broad_downtrend,balanced
2025-09-03,1967,918,1049,-164.62,1.435904155181985,-125.245,1.0403047840205935,0.9858429018789144,53.00200133422281,31.320880587058035,38.25883922615076,73,16,2.4349566377585057,0.5336891260840559,1.9012675116744497,0.4362976195501218,strong_participation,range_bound,balanced
2025-09-04,1036,1863,-827,-204.46,-0.751845217152826,-118.485,-0.6323728652778936,0.045211377870563674,48.740342626805514,30.097413503527044,37.45381256298287,63,22,2.116224386966745,0.7389989922741014,1.3772253946926438,0.33668980949004595,neutral_participation,range_bound,balanced
2025-09-05,1439,1454,-15,-233.28,0.2747361121969027,-119.225,0.09303403303635327,0.49412839248434237,47.87412119183127,30.733177100770003,37.52929360562437,75,23,2.5108804820890525,0.7700033478406427,1.7408771342484097,0.41910143114575404,neutral_participation,range_bound,balanced
2025-09-08,1634,1274,360,-230.16,0.7408823432905408,-113.65,0.4229457950163465,0.877348643006263,49.78455419290686,31.852833941000995,37.48757043420616,88,24,2.916804772953265,0.7954922108054359,2.1213125621478293,0.5055885680414649,neutral_participation,range_bound,balanced
2025-09-09,1388,1506,-118,-240.62,0.15492680091289435,-118.345,0.0003086110705353052,0.31980688935281837,51.226890756302524,33.34453781512605,38.252100840336134,72,25,2.4201680672268906,0.8403361344537815,1.579831932773109,0.3967552954319939,neutral_participation,range_bound,balanced
2025-09-10,1782,1125,657,-237.26,1.1248836303345233,-108.075,0.6858346929288692,0.9535490605427975,56.33187772925764,39.03258313738663,40.20826335236816,35,16,1.175680214981525,0.5374538125629829,0.6382264024185422,0.20426357241484505,strong_participation,range_bound,balanced
2025-09-11,1438,1444,-6,-235.22,0.28816421975784867,-113.41,0.09655121623490291,0.5127870563674322,56.76490288010717,39.71868720696584,40.62290689886135,38,19,1.2726054922973877,0.6363027461486939,0.6363027461486939,0.20629456994321474,neutral_participation,range_bound,balanced
2025-09-12,1489,1400,89,-220.22,0.389285528401525,-118.865,0.18747500571642328,0.6795407098121086,56.5974547890154,41.42665773610181,41.3596784996651,59,18,1.9758874748827864,0.6028131279303416,1.373074346952445,0.3661372429039494,neutral_participation,range_bound,balanced
2025-09-15,1595,1315,280,-212.66,0.6179048932498159,-119.535,0.36043567079477085,0.8398355949895616,58.69276708692767,42.96615792966158,41.57266091572661,51,19,1.6921035169210352,0.630391506303915,1.06171201061712,0.3040119657462109,neutral_participation,range_bound,balanced
2025-09-16,1891,1005,886,-200.42,1.3420304509080085,-120.495,0.9087840362591707,0.9780793319415448,62.85234899328859,47.88590604026845,43.557046979865774,81,14,2.7181208053691277,0.4697986577181208,2.248322147651007,0.5607638161810911,strong_participation,range_bound,balanced
2025-09-17,1679,1234,445,-177.84,0.7675037852207929,-118.835,0.5088218292005637,0.9067719206680585,64.6824077153309,50.315929497838376,44.39640838044563,56,12,1.8623212504156967,0.39906883937479215,1.4632524110409046,0.40065103932754037,neutral_participation,range_bound,balanced
2025-09-18,1481,1434,47,-170.88,0.2683488241874136,-122.47,0.15317712618994161,0.6142353862212944,65.27962716378163,51.49800266311585,44.74034620505992,43,19,1.4314247669773634,0.6324900133155792,0.7989347536617842,0.26469409404337996,neutral_participation,range_bound,balanced
2025-09-19,1372,1522,-150,-172.62,0.027864500777854517,-127.45,-0.02042157070457639,0.2869258872651357,65.01340482573727,52.949061662198396,45.542895442359246,56,21,1.876675603217158,0.7037533512064343,1.1729222520107236,0.35397748855349037,neutral_participation,range_bound,balanced
2025-09-22,997,1919,-922,-183.74,-0.9022196616645534,-138.61,-0.7115919590259432,0.03516440501043842,57.68220617202889,47.63624425476034,43.20420223243598,72,31,2.3637557452396587,1.0177281680892973,1.3460275771503614,0.39780285772800655,neutral_participation,range_bound,balanced
2025-09-23,1135,1795,-660,-175.72,-0.5968201506516932,-144.59,-0.46835735483496355,0.07091597077244259,54.736490993996,47.89859906604403,43.762508338892594,86,38,2.868579052701801,1.267511674449633,1.601067378252168,0.45559615763223826,neutral_participation,range_bound,balanced
2025-09-24,819,2100,-1281,-198.82,-1.309679621919324,-152.075,-1.0234241745163317,0.013896137787056367,47.368421052631575,43.47101932045303,42.038640906062625,56,44,1.8654230512991337,1.4656895403064623,0.3997335109926714,0.19327683054311473,weak_participation,range_bound,balanced
2025-09-25,744,2174,-1430,-247.34,-1.431914329741613,-162.045,-1.1468584125113217,0.010438413361169102,37.26604278074866,38.669786096256686,40.87566844919786,43,61,1.4371657754010696,2.038770053475936,-0.6016042780748665,-0.02068557963838512,weak_participation,range_bound,balanced
2025-09-26,435,2490,-2055,-297.22,-2.0479585075954323,-173.145,-1.6901778735675685,0.0020876826722338203,22.296173044925123,27.820299500831947,36.43926788685524,34,94,1.1314475873544094,3.1281198003327786,-1.9966722129783692,-0.32273193416926704,weak_participation,broad_downtrend,balanced
2025-09-29,1284,1626,-342,-300.06,-0.048868868787104044,-174.825,-0.1501473175356383,0.16975469728601253,21.456953642384104,27.847682119205295,35.66225165562914,67,90,2.218543046357616,2.980132450331126,-0.76158940397351,-0.04026786136812252,neutral_participation,broad_downtrend,balanced
2025-09-30,1313,1582,-269,-287.16,0.021273758666619538,-177.33,-0.08235927269132477,0.2036143006263048,21.987244041624706,28.432359852299427,36.25377643504532,49,76,1.6448472641826115,2.5511916750587447,-0.9063444108761332,-0.0676093835801829,neutral_participation,broad_downtrend,balanced
2025-10-01,2110,794,1316,-259.1,1.7839972908590438,-165.065,1.3271982164283294,0.9938674321503131,28.29056981006331,35.02165944685105,38.78707097634122,73,33,2.432522492502499,1.0996334555148284,1.3328890369876705,0.4457613772375741,strong_participation,range_bound,balanced
2025-10-03,2010,909,1101,-225.2,1.47010034283854,-157.795,1.12449262314391,0.988517745302714,33.66467859509609,39.82770046388337,40.357852882703774,69,30,2.286282306163022,0.9940357852882704,1.2922465208747516,0.44265970295837054,strong_participation,range_bound,balanced
2025-10-06,1296,1642,-346,-231.64,-0.12681318894671892,-160.505,-0.16573462669221117,0.16805845511482254,35.11300360301343,40.845070422535215,39.96069439895185,89,48,2.9151654110710776,1.5722240419259743,1.3429413691451033,0.45503447616443254,neutral_participation,range_bound,balanced
2025-10-07,1273,1663,-390,-221.0,-0.18848755477518678,-157.22,-0.20828990677015374,0.15103079331941544,35.311671087533156,41.279840848806366,40.649867374005304,64,59,2.122015915119363,1.9562334217506632,0.1657824933687,0.19028264252806937,neutral_participation,range_bound,balanced
2025-10-08,1048,1886,-838,-199.96,-0.7346030148386805,-155.37,-0.6116021361993551,0.04344989561586639,30.802387267904507,39.721485411140584,40.55039787798408,65,69,2.1551724137931036,2.287798408488064,-0.13262599469496017,0.12292694653440477,neutral_participation,range_bound,balanced
2025-10-09,1524,1402,122,-166.7,0.3405520142456041,-150.68,0.24448706684454125,0.7203810020876826,35.86344050381173,41.76334106728538,40.93470334769639,60,60,1.9887305270135898,1.9887305270135898,0.0,0.1536517021310311,neutral_participation,range_bound,balanced
2025-10-10,1837,1088,749,-170.38,1.090271788212161,-137.41,0.7984860251223074,0.9652922755741128,40.29206770660471,44.10886159973448,41.68602721539993,52,31,1.72585462993694,1.0288748755393295,0.6969797543976104,0.3103418326492245,strong_participation,range_bound,balanced
2025-10-13,899,2024,-1125,-193.62,-1.0914048913236056,-140.435,-0.8854130377779961,0.020876826722338204,34.619188921859546,41.411144081767226,39.861523244312565,70,55,2.30794592812397,1.8133860863831188,0.494559841740851,0.2645681318337431,weak_participation,range_bound,balanced
2025-10-14,665,2274,-1609,-205.14,-1.6160658206216272,-148.3,-1.3079404734624984,0.007045929018789144,27.698910531528558,36.48068669527897,38.560581049851436,53,114,1.7497523935292174,3.7636183558930343,-2.013865962363817,-0.30471980805782833,weak_participation,range_bound,balanced
2025-10-15,1903,1044,859,-156.76,1.182490776378788,-141.525,0.8942982048502561,0.9766440501043842,35.53719008264463,39.66942148760331,39.404958677685954,63,80,2.0826446280991737,2.644628099173554,-0.5619834710743801,0.029712674398148464,strong_participation,range_bound,balanced
2025-10-16,1781,1152,629,-156.86,0.9149538495694718,-138.22,0.6849670675604949,0.9496998956158664,39.460703715882936,41.53239066096679,40.54587306806972,86,50,2.8280170996382767,1.644195988161789,1.1838211114764878,0.4304097088362798,neutral_participation,range_bound,balanced
2025-10-17,1056,1877,-821,-158.0,-0.7711397048369388,-136.725,-0.6115249135315854,0.046189979123173276,38.00199137072685,39.5950879522071,40.092930633919686,115,87,3.816793893129771,2.887487553932957,0.9293063391968142,0.37435663233951516,neutral_participation,range_bound,balanced
2025-10-20,1756,1169,587,-116.5,0.8333366964200011,-136.99,0.6471208273373816,0.9427192066805845,41.920681743690594,41.49459193706981,40.18354637823664,154,63,5.047525401507703,2.0648967551622417,2.982628646345461,0.8455915309082248,neutral_participation,range_bound,balanced
2025-10-21,2286,588,1698,-76.8,2.0125884872455866,-135.11,1.634424614347006,0.9985647181628392,50.6367292225201,45.643431635388744,42.660857908847184,146,17,4.892761394101877,0.5697050938337802,4.323056300268096,1.1510161293967356,strong_participation,range_bound,strong_momentum
2025-10-23,1208,1693,-485,-63.44,-0.4844429412726824,-141.77,-0.30654982417256466,0.11991127348643006,49.57208689927584,44.79921000658328,42.16589861751152,112,18,3.686635944700461,0.5924950625411455,3.0941408821593153,0.8671263966753101,neutral_participation,range_bound,balanced
2025-10-24,1047,1881,-834,-86.28,-0.8543225955007984,-145.975,-0.6139396150558758,0.04403705636743215,47.86635792259345,43.26827654647701,42.408203771088324,39,36,1.2901091630830301,1.1908699966920278,0.09923916639100239,0.18342020430754857,neutral_participation,range_bound,balanced
2025-10-27,1531,1417,114,-80.68,0.222340251169697,-134.245,0.22345013294259142,0.7111169102296451,47.665687234737184,42.833823049298076,42.47469800848841,150,45,4.897159647404505,1.4691478942213516,3.4280117531831538,0.9413516478536991,neutral_participation,range_bound,balanced
2025-10-28,1208,1744,-536,-100.88,-0.49774273544009606,-143.555,-0.35468585374599126,0.10170929018789145,47.415212380638785,42.80540006585446,42.47612775765558,94,51,3.0951596970694766,1.6792887718142906,1.415870925255186,0.4774063425679139,neutral_participation,range_bound,balanced
2025-10-29,1887,1042,845,-69.52,1.039792096246988,-133.745,0.8845560462618336,0.975339248434238,52.014531043593124,45.93791281373844,43.95640686922061,154,38,5.085865257595773,1.2549537648612945,3.8309114927344785,1.0228387953336862,strong_participation,range_bound,strong_momentum
2025-10-30,1119,1805,-686,-102.52,-0.6700011124417266,-130.035,-0.5038837041224705,0.06608820459290188,49.88422097254383,45.71617598412173,43.89679126695336,58,31,1.9186238835593779,1.0254713860403573,0.8931524975190206,0.3502306670275981,neutral_participation,range_bound,balanced
2025-10-31,1026,1896,-870,-141.62,-0.84667549646127,-124.615,-0.6794764385422466,0.04057933194154489,45.2513966480447,42.95103516266842,43.01675977653631,57,45,1.8731514952349655,1.4788038120276044,0.39434768320736113,0.23239490824784467,neutral_participation,range_bound,balanced
2025-11-03,1662,1264,398,-143.24,0.6299602170568829,-110.78,0.46851407764068476,0.8926800626304802,49.03056194544857,44.922773578705225,43.73973052908314,99,55,3.2533683864607297,1.8074268813670717,1.445941505093658,0.47015185168130436,neutral_participation,range_bound,balanced
2025-11-04,858,2093,-1235,-166.24,-1.2244371637039597,-124.155,-1.0255049120458737,0.015853340292275576,40.60746120831958,41.46583030703203,42.687355562892044,58,68,1.914823374050842,2.2449653350940904,-0.33014196104324833,0.06522875259357908,weak_participation,range_bound,balanced
2025-11-06,609,2347,-1738,-184.9,-1.7325073044158874,-134.07,-1.473005798797207,0.005219206680584551,28.557377049180328,34.32786885245901,39.114754098360656,30,133,0.9836065573770493,4.360655737704918,-3.3770491803278686,-0.6258610316347513,weak_participation,range_bound,balanced
2025-11-07,1476,1484,-8,-181.78,0.19377959100133618,-140.895,0.12262454756082336,0.509133611691023,29.891483064781323,34.593883590924044,39.42781979611969,58,118,1.907267346267675,3.8803025320618216,-1.9730351857941466,-0.30213539630977965,neutral_participation,range_bound,balanced
2025-11-10,1400,1549,-149,-149.04,4.616822562796146e-05,-141.92,-0.006533384057637526,0.28783924843423797,30.081300813008134,34.34146341463415,38.63414634146341,58,124,1.8861788617886182,4.032520325203253,-2.1463414634146343,-0.3378615178250129,neutral_participation,range_bound,balanced
2025-11-11,1453,1506,-53,-124.96,0.0845018191318775,-146.525,0.08649261581980111,0.4182541753653445,33.00589390962672,35.13425016371971,38.50687622789784,67,128,2.1938441388343155,4.191224623444663,-1.9973804846103476,-0.30090229763657267,neutral_participation,range_bound,balanced
2025-11-12,1903,1066,837,-97.0,1.0861974911157453,-134.275,0.9005933984839805,0.9742301670146137,39.01639344262295,37.44262295081967,40.295081967213115,95,63,3.114754098360656,2.0655737704918034,1.0491803278688527,0.39630627680658576,strong_participation,range_bound,balanced
2025-11-13,1168,1781,-613,-132.74,-0.5697404788956274,-130.43,-0.4487441247117988,0.0805062630480167,37.70545693622617,36.75213675213676,39.94082840236686,56,99,1.8408941485864563,3.2544378698224854,-1.4135437212360291,-0.16276426978586245,neutral_participation,range_bound,balanced
2025-11-14,1350,1626,-276,-152.38,-0.14815418622904863,-133.56,-0.1325165610155347,0.20113517745302714,37.87040052100293,35.78638879843699,39.53109736242266,78,89,2.5398892868772385,2.8980788016932593,-0.3581895148160208,0.08201097481553185,neutral_participation,range_bound,balanced
2025-11-17,1600,1423,177,-169.82,0.424128169742969,-123.715,0.2814057223410399,0.777009394572025,39.43979394719897,36.99291693496459,39.66516419832582,127,107,4.088860270444301,3.4449452672247265,0.6439150032195746,0.31277007214925817,neutral_participation,range_bound,balanced
2025-11-18,818,2182,-1364,-180.56,-1.4258881759326296,-119.01,-1.1734013866595325,0.011808455114822546,33.88943408570494,35.2306182531894,38.46908734052993,57,128,1.8645731108930326,4.1871115472685645,-2.322538436375532,-0.3651993541668098,weak_participation,range_bound,balanced
2025-11-19,1319,1663,-344,-187.14,-0.18900350106864833,-115.05,-0.2162618903157803,0.16884133611691024,34.380111220150475,35.001635590448146,38.46908734052993,100,135,3.2711808963035653,4.416094210009813,-1.144913313706248,-0.09516589589400946,neutral_participation,range_bound,balanced
2025-11-20,1299,1666,-367,-201.68,-0.20002135209395008,-126.015,-0.22955663487422062,0.16081680584551147,34.13759373981089,34.65927616563417,38.1154222367134,131,145,4.271274861428106,4.727746984023476,-0.45647212259537007,0.0591808652834392,neutral_participation,range_bound,balanced
2025-11-21,659,2309,-1650,-232.32,-1.665176408789898,-135.525,-1.4355957723863506,0.006524008350730689,28.64634546050475,30.54736152081285,36.283185840707965,36,195,1.1799410029498525,6.391347099311701,-5.2114060963618485,-1.0286810809915787,weak_participation,range_bound,distribution
2025-11-24,688,2287,-1599,-277.44,-1.5313955318047803,-150.47,-1.373799394615457,0.007176409185803758,23.017157656199416,27.16089349303982,33.63548073810295,29,254,0.9388151505341535,8.22272580123017,-7.283910650696017,-1.4950527458189171,weak_participation,broad_downtrend,distribution
2025-11-25,1492,1475,17,-276.98,0.3405970675092601,-150.53,0.15888851352377287,0.5594989561586639,24.336717982312482,27.906976744186046,34.55617425483131,35,169,1.1464133639043563,5.535538814281035,-4.389125450376679,-0.8292328264235123,neutral_participation,broad_downtrend,balanced
2025-11-26,2249,714,1535,-248.06,1.983119857302967,-135.94,1.580187310220417,0.9972599164926931,32.50490516677567,32.24329627207325,36.625245258338786,117,55,3.8260300850228903,1.7985611510791366,2.0274689339437537,0.6295976880331506,strong_participation,range_bound,balanced
2025-11-27,1315,1636,-321,-260.08,-0.06799663259287664,-143.095,-0.16882334816469083,0.17843162839248433,33.28973185088293,31.523871811641595,36.625245258338786,108,74,3.5317200784826683,2.419882275997384,1.1118378024852844,0.41971912291866437,neutral_participation,range_bound,balanced
2025-11-28,1316,1631,-315,-284.1,-0.03509208658864633,-149.94,-0.15713718443951016,0.18058455114822547,33.37692056227525,32.10199411572409,36.024844720496894,89,94,2.909447531873161,3.0728996404053612,-0.16345210853220005,0.13020782633839587,neutral_participation,range_bound,balanced
2025-12-01,1212,1745,-533,-303.66,-0.2621453865532491,-150.76,-0.36381094217225257,0.10255741127348643,32.359623498864,31.84031158714703,35.73515092502434,76,124,2.4667315806556314,4.024667315806556,-1.5579357351509246,-0.18478468155236,neutral_participation,range_bound,balanced
2025-12-02,882,2092,-1210,-328.8,-0.998411334951218,-152.465,-1.005163284740733,0.016440501043841337,30.28031290743155,30.671447196870925,35.267275097783575,45,156,1.4667535853976532,5.084745762711865,-3.617992177314212,-0.6501060871383482,neutral_participation,range_bound,balanced
2025-12-03,847,2127,-1280,-351.4,-1.0406300296075128,-149.37,-1.0790092500948734,0.014157098121085595,24.552263106479973,27.938782155649626,34.060566590687074,31,203,1.0094431781178768,6.610224682513839,-5.600781504395962,-1.0943304492249621,weak_participation,broad_downtrend,distribution
2025-12-04,1288,1680,-392,-340.8,-0.057620830479979054,-139.395,-0.24386021423248827,0.15044363256784968,24.431448992852502,27.94022092267706,33.82066276803119,40,179,1.299545159194282,5.815464587394412,-4.51591942820013,-0.8403059210803939,neutral_participation,broad_downtrend,balanced
2025-12-05,1238,1746,-508,-337.76,-0.19177373490836794,-138.415,-0.35694362470151214,0.11103862212943633,25.997383911052975,28.02485284499673,33.355134074558535,65,217,2.1255722694571615,7.09614126880314,-4.9705689993459785,-0.9364789318824576,neutral_participation,broad_downtrend,balanced
2025-12-08,393,2608,-2215,-356.44,-2.026119567352263,-148.22,-1.976363239033834,0.0013048016701461378,15.067611075338055,20.927237604636186,29.265936896329688,24,375,0.7726980038634901,12.073406310367032,-11.300708306503541,-2.3456216596202437,weak_participation,broad_downtrend,distribution
2025-12-09,1919,1080,839,-311.06,1.2511135380866492,-133.385,0.9362974104416745,0.9744258872651357,17.855979146301728,22.417725643532098,31.28054740957967,27,134,0.8797653958944283,4.3662430759204955,-3.4864776800260673,-0.5737112683485791,strong_participation,broad_downtrend,balanced
2025-12-10,1193,1764,-571,-281.38,-0.32721886065589756,-131.58,-0.42355325436436103,0.09264091858037578,16.986657988935892,20.826553856166612,30.55645948584445,26,129,0.8460787504067686,4.1978522616335825,-3.351773511226814,-0.5377991833491313,neutral_participation,broad_downtrend,balanced
2025-12-11,1883,1091,792,-258.7,1.1701144539547739,-120.005,0.8813603791770233,0.97044624217119,21.435531016563818,23.773952582007148,30.98408574212407,39,86,1.2666450146151347,2.793114647612861,-1.5264696329977265,-0.11986701890989064,strong_participation,broad_downtrend,balanced
2025-12-12,1988,972,1016,-233.0,1.3637517460870032,-122.135,1.1028729373360109,0.9843423799582464,29.51354880835782,26.967025791707478,32.28860594188704,70,61,2.285341168788769,1.9915115899444988,0.2938295788442702,0.29884642214149165,strong_participation,broad_downtrend,balanced
2025-12-15,1519,1438,81,-257.7,0.38077477259912185,-127.81,0.20318399982136248,0.6684498956158664,31.36746597537265,27.025275437459495,32.469215813350615,70,71,2.268308489954634,2.3007128969539856,-0.032404406999351654,0.22953062877474015,neutral_participation,broad_downtrend,balanced
2025-12-16,860,2106,-1246,-304.64,-1.0719273419941713,-129.845,-1.0841657123514723,0.015200939457202505,26.23859191655802,24.771838331160364,31.779661016949152,29,106,0.9452411994784877,3.455019556714472,-2.509778357235984,-0.3318430613667965,weak_participation,broad_downtrend,balanced
2025-12-17,844,2127,-1283,-323.38,-1.0794070945375274,-128.98,-1.1220874110527357,0.013700417536534447,22.40987333549854,22.442351412796363,30.854173432932768,39,171,1.2666450146151347,5.553751217927898,-4.287106203312764,-0.733186420024539,weak_participation,broad_downtrend,balanced
2025-12-18,1124,1845,-721,-330.0,-0.43895003437183056,-129.01,-0.5755995337377395,0.060542797494780795,22.236713400717314,21.095533094228887,30.22497554613629,41,190,1.3368112161721553,6.19497880665145,-4.858167590479296,-0.8572417539697115,neutral_participation,broad_downtrend,balanced
2025-12-19,2135,837,1298,-287.28,1.7292525865162254,-113.345,1.3752879698100067,0.9933455114822547,31.40174813855617,25.477500809323406,31.984460990611847,36,69,1.165425704111363,2.233732599546779,-1.0683068954354162,0.017332513336372302,strong_participation,broad_downtrend,balanced
2025-12-22,2193,805,1388,-261.96,1.7454065410402735,-95.835,1.4522103919626603,0.9954331941544885,44.39461883408072,29.14798206278027,33.055733504163996,93,37,2.978859705317104,1.185137732222934,1.7937219730941703,0.6773869164091626,strong_participation,broad_downtrend,balanced
2025-12-23,1722,1271,451,-267.92,0.7650245355936132,-87.96,0.5284540930629977,0.9088596033402923,48.85815374718559,31.167577999356705,33.96590543583146,87,39,2.798327436474751,1.2544226439369572,1.5439047925377938,0.6196350376815116,neutral_participation,range_bound,balanced
2025-12-24,1162,1840,-678,-258.98,-0.44886014885272657,-93.585,-0.5729460465931993,0.06752348643006263,47.44455159112825,30.729668916747027,33.494053359048536,72,50,2.3143683702989395,1.6072002571520412,0.7071681131468983,0.42738407262071915,neutral_participation,range_bound,balanced
